genealogy_id,name,surname,compile_time,description,creator_id,created_at
1,李氏大宗谱,李,2024-03-17,李氏族谱，详细记录了家族历代传承。,1,2026-05-11T18:19:25
2,王氏族谱,王,2020-07-08,王氏族谱，详细记录了家族历代传承。,2,2026-05-11T18:19:28
3,张氏族谱,张,1995-02-12,张氏族谱，详细记录了家族历代传承。,3,2026-05-11T18:19:31
4,刘氏族谱,刘,2012-04-11,刘氏族谱，详细记录了家族历代传承。,4,2026-05-11T18:19:32
5,陈氏族谱,陈,2015-01-07,陈氏族谱，详细记录了家族历代传承。,5,2026-05-11T18:19:33
6,杨氏族谱,杨,1990-08-24,杨氏族谱，详细记录了家族历代传承。,6,2026-05-11T18:19:35
7,赵氏族谱,赵,2020-11-15,赵氏族谱，详细记录了家族历代传承。,7,2026-05-11T18:19:36
8,黄氏族谱,黄,2012-12-23,黄氏族谱，详细记录了家族历代传承。,8,2026-05-11T18:19:36
9,周氏族谱,周,1994-11-26,周氏族谱，详细记录了家族历代传承。,9,2026-05-11T18:19:37
10,吴氏族谱,吴,1998-02-01,吴氏族谱，详细记录了家族历代传承。,10,2026-05-11T18:19:37
11,徐氏族谱,徐,2011-06-27,徐氏族谱，详细记录了家族历代传承。,1,2026-05-11T18:19:38
12,孙氏族谱,孙,2000-10-04,孙氏族谱，详细记录了家族历代传承。,2,2026-05-11T18:19:38
