user_id,username,password_hash,email,created_at
1,user1,hash_1,user1@example.com,2026-05-11T18:18:47
2,user2,hash_2,user2@example.com,2026-05-11T18:18:47
3,user3,hash_3,user3@example.com,2026-05-11T18:18:47
4,user4,hash_4,user4@example.com,2026-05-11T18:18:47
5,user5,hash_5,user5@example.com,2026-05-11T18:18:47
6,user6,hash_6,user6@example.com,2026-05-11T18:18:47
7,user7,hash_7,user7@example.com,2026-05-11T18:18:47
8,user8,hash_8,user8@example.com,2026-05-11T18:18:47
9,user9,hash_9,user9@example.com,2026-05-11T18:18:47
10,user10,hash_10,user10@example.com,2026-05-11T18:18:47
11,user11,hash_11,user11@example.com,2026-05-11T18:18:47
12,user12,hash_12,user12@example.com,2026-05-11T18:18:47
13,user13,hash_13,user13@example.com,2026-05-11T18:18:47
14,user14,hash_14,user14@example.com,2026-05-11T18:18:47
15,user15,hash_15,user15@example.com,2026-05-11T18:18:47
16,user16,hash_16,user16@example.com,2026-05-11T18:18:47
17,user17,hash_17,user17@example.com,2026-05-11T18:18:47
18,user18,hash_18,user18@example.com,2026-05-11T18:18:47
19,user19,hash_19,user19@example.com,2026-05-11T18:18:47
20,user20,hash_20,user20@example.com,2026-05-11T18:18:47
